{
  "kick": {
    "scan": 100,
    "mask": 110,
    "decay": 120,
    "threshold": 10,
    "note": 36,
    "gain": 100,
    "curve": "0,128,64,64,192,192,255,77.4736328125"
  },
  "snare": {
    "scan": 200,
    "mask": 210,
    "decay": 220,
    "threshold": 20,
    "note": 38,
    "gain": 20,
    "curve": "0,10,192,192,128,64,255,135.6923828125"
  },
  "hihat": {
    "scan": 3000,
    "mask": 20000,
    "decay": 130000,
    "threshold": 50,
    "note": 42,
    "gain": 62,
    "curve": "0,255,255,0,0,0,255,255"
  },
  "crash1": {
    "scan": 3000,
    "mask": 20000,
    "decay": 130000,
    "threshold": 50,
    "note": 49,
    "gain": 40,
    "curve": {
      "p": [
        [
          0,
          30
        ],
        [
          192,
          192
        ],
        [
          128,
          64
        ],
        [
          256,
          256
        ]
      ]
    }
  },
  "tom1": {
    "scan": 3000,
    "mask": 20000,
    "decay": 130000,
    "threshold": 50,
    "note": 50,
    "gain": 50,
    "curve": {
      "p": [
        [
          0,
          40
        ],
        [
          192,
          192
        ],
        [
          128,
          64
        ],
        [
          256,
          256
        ]
      ]
    }
  },
  "tom3": {
    "scan": 3000,
    "mask": 20000,
    "decay": 130000,
    "threshold": 50,
    "note": 41,
    "gain": 60,
    "curve": {
      "p": [
        [
          0,
          50
        ],
        [
          192,
          192
        ],
        [
          128,
          64
        ],
        [
          256,
          256
        ]
      ]
    }
  },
  "ride": {
    "scan": 3000,
    "mask": 20000,
    "decay": 130000,
    "threshold": 50,
    "note": 51,
    "gain": 81,
    "curve": {
      "p": [
        [
          0,
          60
        ],
        [
          192,
          192
        ],
        [
          128,
          64
        ],
        [
          256,
          256
        ]
      ]
    }
  },
  "tom2": {
    "scan": 3000,
    "mask": 20000,
    "decay": 130000,
    "threshold": 1800,
    "note": 47,
    "gain": 80,
    "curve": {
      "p": [
        [
          0,
          70
        ],
        [
          192,
          192
        ],
        [
          128,
          64
        ],
        [
          256,
          256
        ]
      ]
    }
  },
  "crash2": {
    "scan": 3000,
    "mask": 20000,
    "decay": 130000,
    "threshold": 1800,
    "note": 57,
    "gain": 90,
    "curve": [
      [
        0,
        255
      ],
      [
        255,
        0
      ],
      [
        0,
        0
      ],
      [
        255,
        255
      ]
    ]
  },
  "hhc": {
    "timeout": 9000,
    "threshold": 30,
    "offset": 105
  },
  "hhc_trig": {
    "threshold": 400,
    "scan": 15000,
    "vel_thresh": 800
  }
}